"001017730837444",,"Zapatillas de running de hombre Gel Noosa Tri 11 Asics","Asics","109.95","109.95","Blanco","hombre",,"Acelera la segunda transición de la prueba y corre los 42km finales. La nueva GEL-NOOSA TRI 11 es perfecta para arañar esos valiosos segundos al crono en la segunda transición y correr la última parte de la prueba a toda velocidad.","Zapatillas","color:talla","//sgfm.elcorteingles.es/SGFM/dctm/MEDIA03/201604/21/00117730837444____1__210x210.jpg://sgfm.elcorteingles.es/SGFM/dctm/MEDIA03/201604/21/00117730837444____2__210x210.jpg://sgfm.elcorteingles.es/SGFM/dctm/MEDIA03/201604/21/00117730837444____3__210x210.jpg://sgfm.elcorteingles.es/SGFM/dctm/MEDIA03/201604/21/00117730837444____4__210x210.jpg","//sgfm.elcorteingles.es/SGFM/dctm/MEDIA03/201604/21/00117730837444____1__640x640.jpg://sgfm.elcorteingles.es/SGFM/dctm/MEDIA03/201604/21/00117730837444____2__640x640.jpg://sgfm.elcorteingles.es/SGFM/dctm/MEDIA03/201604/21/00117730837444____3__640x640.jpg://sgfm.elcorteingles.es/SGFM/dctm/MEDIA03/201604/21/00117730837444____4__640x640.jpg","//sgfm.elcorteingles.es/SGFM/dctm/MEDIA03/201604/21/00117730837444____1__1200x1200.jpg://sgfm.elcorteingles.es/SGFM/dctm/MEDIA03/201604/21/00117730837444____2__1200x1200.jpg://sgfm.elcorteingles.es/SGFM/dctm/MEDIA03/201604/21/00117730837444____3__1200x1200.jpg://sgfm.elcorteingles.es/SGFM/dctm/MEDIA03/201604/21/00117730837444____4__1200x1200.jpg"
"001017730837444090","001017730837444","Zapatillas de running de hombre Gel Noosa Tri 11 Asics","Asics","109.95","109.95","Blanco","hombre",,"Acelera la segunda transición de la prueba y corre los 42km finales. La nueva GEL-NOOSA TRI 11 es perfecta para arañar esos valiosos segundos al crono en la segunda transición y correr la última parte de la prueba a toda velocidad.","Zapatillas","talla:42,5#color:Blanco","//sgfm.elcorteingles.es/SGFM/dctm/MEDIA03/201604/21/00117730837444____1__210x210.jpg://sgfm.elcorteingles.es/SGFM/dctm/MEDIA03/201604/21/00117730837444____2__210x210.jpg://sgfm.elcorteingles.es/SGFM/dctm/MEDIA03/201604/21/00117730837444____3__210x210.jpg://sgfm.elcorteingles.es/SGFM/dctm/MEDIA03/201604/21/00117730837444____4__210x210.jpg","//sgfm.elcorteingles.es/SGFM/dctm/MEDIA03/201604/21/00117730837444____1__640x640.jpg://sgfm.elcorteingles.es/SGFM/dctm/MEDIA03/201604/21/00117730837444____2__640x640.jpg://sgfm.elcorteingles.es/SGFM/dctm/MEDIA03/201604/21/00117730837444____3__640x640.jpg://sgfm.elcorteingles.es/SGFM/dctm/MEDIA03/201604/21/00117730837444____4__640x640.jpg","//sgfm.elcorteingles.es/SGFM/dctm/MEDIA03/201604/21/00117730837444____1__1200x1200.jpg://sgfm.elcorteingles.es/SGFM/dctm/MEDIA03/201604/21/00117730837444____2__1200x1200.jpg://sgfm.elcorteingles.es/SGFM/dctm/MEDIA03/201604/21/00117730837444____3__1200x1200.jpg://sgfm.elcorteingles.es/SGFM/dctm/MEDIA03/201604/21/00117730837444____4__1200x1200.jpg"
"001017730837444095","001017730837444","Zapatillas de running de hombre Gel Noosa Tri 11 Asics","Asics","109.95","109.95","Blanco","hombre",,"Acelera la segunda transición de la prueba y corre los 42km finales. La nueva GEL-NOOSA TRI 11 es perfecta para arañar esos valiosos segundos al crono en la segunda transición y correr la última parte de la prueba a toda velocidad.","Zapatillas","talla:43,5#color:Blanco","//sgfm.elcorteingles.es/SGFM/dctm/MEDIA03/201604/21/00117730837444____1__210x210.jpg://sgfm.elcorteingles.es/SGFM/dctm/MEDIA03/201604/21/00117730837444____2__210x210.jpg://sgfm.elcorteingles.es/SGFM/dctm/MEDIA03/201604/21/00117730837444____3__210x210.jpg://sgfm.elcorteingles.es/SGFM/dctm/MEDIA03/201604/21/00117730837444____4__210x210.jpg","//sgfm.elcorteingles.es/SGFM/dctm/MEDIA03/201604/21/00117730837444____1__640x640.jpg://sgfm.elcorteingles.es/SGFM/dctm/MEDIA03/201604/21/00117730837444____2__640x640.jpg://sgfm.elcorteingles.es/SGFM/dctm/MEDIA03/201604/21/00117730837444____3__640x640.jpg://sgfm.elcorteingles.es/SGFM/dctm/MEDIA03/201604/21/00117730837444____4__640x640.jpg","//sgfm.elcorteingles.es/SGFM/dctm/MEDIA03/201604/21/00117730837444____1__1200x1200.jpg://sgfm.elcorteingles.es/SGFM/dctm/MEDIA03/201604/21/00117730837444____2__1200x1200.jpg://sgfm.elcorteingles.es/SGFM/dctm/MEDIA03/201604/21/00117730837444____3__1200x1200.jpg://sgfm.elcorteingles.es/SGFM/dctm/MEDIA03/201604/21/00117730837444____4__1200x1200.jpg"
"001017730837444110","001017730837444","Zapatillas de running de hombre Gel Noosa Tri 11 Asics","Asics","109.95","109.95","Blanco","hombre",,"Acelera la segunda transición de la prueba y corre los 42km finales. La nueva GEL-NOOSA TRI 11 es perfecta para arañar esos valiosos segundos al crono en la segunda transición y correr la última parte de la prueba a toda velocidad.","Zapatillas","talla:45#color:Blanco","//sgfm.elcorteingles.es/SGFM/dctm/MEDIA03/201604/21/00117730837444____1__210x210.jpg://sgfm.elcorteingles.es/SGFM/dctm/MEDIA03/201604/21/00117730837444____2__210x210.jpg://sgfm.elcorteingles.es/SGFM/dctm/MEDIA03/201604/21/00117730837444____3__210x210.jpg://sgfm.elcorteingles.es/SGFM/dctm/MEDIA03/201604/21/00117730837444____4__210x210.jpg","//sgfm.elcorteingles.es/SGFM/dctm/MEDIA03/201604/21/00117730837444____1__640x640.jpg://sgfm.elcorteingles.es/SGFM/dctm/MEDIA03/201604/21/00117730837444____2__640x640.jpg://sgfm.elcorteingles.es/SGFM/dctm/MEDIA03/201604/21/00117730837444____3__640x640.jpg://sgfm.elcorteingles.es/SGFM/dctm/MEDIA03/201604/21/00117730837444____4__640x640.jpg","//sgfm.elcorteingles.es/SGFM/dctm/MEDIA03/201604/21/00117730837444____1__1200x1200.jpg://sgfm.elcorteingles.es/SGFM/dctm/MEDIA03/201604/21/00117730837444____2__1200x1200.jpg://sgfm.elcorteingles.es/SGFM/dctm/MEDIA03/201604/21/00117730837444____3__1200x1200.jpg://sgfm.elcorteingles.es/SGFM/dctm/MEDIA03/201604/21/00117730837444____4__1200x1200.jpg"
"001017730836156",,"Zapatillas de running de hombre Gel Noosa Tri 11 Asics","Asics","109.95","76.95","Amarillo","hombre",,"La nueva Gel Noosa Tri 11 es perfecta para arañar esos valiosos segundos al crono en la segunda transición y correr la última parte de la prueba a toda velocidad.","Zapatillas","color:talla","//sgfm.elcorteingles.es/SGFM/dctm/MEDIA02/CONTENIDOS/201601/11/00117730836156____1__210x210.jpg","//sgfm.elcorteingles.es/SGFM/dctm/MEDIA02/CONTENIDOS/201601/11/00117730836156____1__640x640.jpg","//sgfm.elcorteingles.es/SGFM/dctm/MEDIA02/CONTENIDOS/201601/11/00117730836156____1__1200x1200.jpg"
"001017730836156100","001017730836156","Zapatillas de running de hombre Gel Noosa Tri 11 Asics","Asics","109.95","76.95","Amarillo","hombre",,"La nueva Gel Noosa Tri 11 es perfecta para arañar esos valiosos segundos al crono en la segunda transición y correr la última parte de la prueba a toda velocidad.","Zapatillas","talla:44#color:Amarillo","//sgfm.elcorteingles.es/SGFM/dctm/MEDIA02/CONTENIDOS/201601/11/00117730836156____1__210x210.jpg","//sgfm.elcorteingles.es/SGFM/dctm/MEDIA02/CONTENIDOS/201601/11/00117730836156____1__640x640.jpg","//sgfm.elcorteingles.es/SGFM/dctm/MEDIA02/CONTENIDOS/201601/11/00117730836156____1__1200x1200.jpg"
"001017730836156110","001017730836156","Zapatillas de running de hombre Gel Noosa Tri 11 Asics","Asics","109.95","76.95","Amarillo","hombre",,"La nueva Gel Noosa Tri 11 es perfecta para arañar esos valiosos segundos al crono en la segunda transición y correr la última parte de la prueba a toda velocidad.","Zapatillas","talla:45#color:Amarillo","//sgfm.elcorteingles.es/SGFM/dctm/MEDIA02/CONTENIDOS/201601/11/00117730836156____1__210x210.jpg","//sgfm.elcorteingles.es/SGFM/dctm/MEDIA02/CONTENIDOS/201601/11/00117730836156____1__640x640.jpg","//sgfm.elcorteingles.es/SGFM/dctm/MEDIA02/CONTENIDOS/201601/11/00117730836156____1__1200x1200.jpg"
"001017730836164",,"Zapatillas de running de hombre Gel Noosa Tri 11 Asics","Asics","109.95","76.95","Azul","hombre","Neutro","La nueva GEL-NOOSA TRI 11 es perfecta para arañar esos valiosos segundos al crono en la segunda transición y correr la última parte de la prueba a toda velocidad.","Zapatillas","color:talla","//sgfm.elcorteingles.es/SGFM/dctm/MEDIA02/CONTENIDOS/201601/11/00117730836164____1__210x210.jpg","//sgfm.elcorteingles.es/SGFM/dctm/MEDIA02/CONTENIDOS/201601/11/00117730836164____1__640x640.jpg","//sgfm.elcorteingles.es/SGFM/dctm/MEDIA02/CONTENIDOS/201601/11/00117730836164____1__1200x1200.jpg"
"001017730836164095","001017730836164","Zapatillas de running de hombre Gel Noosa Tri 11 Asics","Asics","109.95","76.95","Azul","hombre","Neutro","La nueva GEL-NOOSA TRI 11 es perfecta para arañar esos valiosos segundos al crono en la segunda transición y correr la última parte de la prueba a toda velocidad.","Zapatillas","talla:43,5#color:Azul","//sgfm.elcorteingles.es/SGFM/dctm/MEDIA02/CONTENIDOS/201601/11/00117730836164____1__210x210.jpg","//sgfm.elcorteingles.es/SGFM/dctm/MEDIA02/CONTENIDOS/201601/11/00117730836164____1__640x640.jpg","//sgfm.elcorteingles.es/SGFM/dctm/MEDIA02/CONTENIDOS/201601/11/00117730836164____1__1200x1200.jpg"
"001017730836164105","001017730836164","Zapatillas de running de hombre Gel Noosa Tri 11 Asics","Asics","109.95","76.95","Azul","hombre","Neutro","La nueva GEL-NOOSA TRI 11 es perfecta para arañar esos valiosos segundos al crono en la segunda transición y correr la última parte de la prueba a toda velocidad.","Zapatillas","talla:44,5#color:Azul","//sgfm.elcorteingles.es/SGFM/dctm/MEDIA02/CONTENIDOS/201601/11/00117730836164____1__210x210.jpg","//sgfm.elcorteingles.es/SGFM/dctm/MEDIA02/CONTENIDOS/201601/11/00117730836164____1__640x640.jpg","//sgfm.elcorteingles.es/SGFM/dctm/MEDIA02/CONTENIDOS/201601/11/00117730836164____1__1200x1200.jpg"
"001017730836164110","001017730836164","Zapatillas de running de hombre Gel Noosa Tri 11 Asics","Asics","109.95","76.95","Azul","hombre","Neutro","La nueva GEL-NOOSA TRI 11 es perfecta para arañar esos valiosos segundos al crono en la segunda transición y correr la última parte de la prueba a toda velocidad.","Zapatillas","talla:45#color:Azul","//sgfm.elcorteingles.es/SGFM/dctm/MEDIA02/CONTENIDOS/201601/11/00117730836164____1__210x210.jpg","//sgfm.elcorteingles.es/SGFM/dctm/MEDIA02/CONTENIDOS/201601/11/00117730836164____1__640x640.jpg","//sgfm.elcorteingles.es/SGFM/dctm/MEDIA02/CONTENIDOS/201601/11/00117730836164____1__1200x1200.jpg"
"001017730836164120","001017730836164","Zapatillas de running de hombre Gel Noosa Tri 11 Asics","Asics","109.95","76.95","Azul","hombre","Neutro","La nueva GEL-NOOSA TRI 11 es perfecta para arañar esos valiosos segundos al crono en la segunda transición y correr la última parte de la prueba a toda velocidad.","Zapatillas","talla:46,5#color:Azul","//sgfm.elcorteingles.es/SGFM/dctm/MEDIA02/CONTENIDOS/201601/11/00117730836164____1__210x210.jpg","//sgfm.elcorteingles.es/SGFM/dctm/MEDIA02/CONTENIDOS/201601/11/00117730836164____1__640x640.jpg","//sgfm.elcorteingles.es/SGFM/dctm/MEDIA02/CONTENIDOS/201601/11/00117730836164____1__1200x1200.jpg"
"001017730836164130","001017730836164","Zapatillas de running de hombre Gel Noosa Tri 11 Asics","Asics","109.95","76.95","Azul","hombre","Neutro","La nueva GEL-NOOSA TRI 11 es perfecta para arañar esos valiosos segundos al crono en la segunda transición y correr la última parte de la prueba a toda velocidad.","Zapatillas","talla:48#color:Azul","//sgfm.elcorteingles.es/SGFM/dctm/MEDIA02/CONTENIDOS/201601/11/00117730836164____1__210x210.jpg","//sgfm.elcorteingles.es/SGFM/dctm/MEDIA02/CONTENIDOS/201601/11/00117730836164____1__640x640.jpg","//sgfm.elcorteingles.es/SGFM/dctm/MEDIA02/CONTENIDOS/201601/11/00117730836164____1__1200x1200.jpg"
"001017730837436",,"Zapatillas de running de hombre Gel Noosa Tri 11 Asics","Asics","109.95","109.95","Negro","hombre",,"Acelera la segunda transición de la prueba y corre los 42km finales. La nueva GEL-NOOSA TRI 11 es perfecta para arañar esos valiosos segundos al crono en la segunda transición y correr la última parte de la prueba a toda velocidad.","Zapatillas","color:talla","//sgfm.elcorteingles.es/SGFM/dctm/MEDIA03/201604/21/00117730837436____1__210x210.jpg://sgfm.elcorteingles.es/SGFM/dctm/MEDIA03/201604/21/00117730837436____2__210x210.jpg://sgfm.elcorteingles.es/SGFM/dctm/MEDIA03/201604/21/00117730837436____3__210x210.jpg","//sgfm.elcorteingles.es/SGFM/dctm/MEDIA03/201604/21/00117730837436____1__640x640.jpg://sgfm.elcorteingles.es/SGFM/dctm/MEDIA03/201604/21/00117730837436____2__640x640.jpg://sgfm.elcorteingles.es/SGFM/dctm/MEDIA03/201604/21/00117730837436____3__640x640.jpg","//sgfm.elcorteingles.es/SGFM/dctm/MEDIA03/201604/21/00117730837436____1__1200x1200.jpg://sgfm.elcorteingles.es/SGFM/dctm/MEDIA03/201604/21/00117730837436____2__1200x1200.jpg://sgfm.elcorteingles.es/SGFM/dctm/MEDIA03/201604/21/00117730837436____3__1200x1200.jpg"
"001017730837436075","001017730837436","Zapatillas de running de hombre Gel Noosa Tri 11 Asics","Asics","109.95","109.95","Negro","hombre",,"Acelera la segunda transición de la prueba y corre los 42km finales. La nueva GEL-NOOSA TRI 11 es perfecta para arañar esos valiosos segundos al crono en la segunda transición y correr la última parte de la prueba a toda velocidad.","Zapatillas","talla:40,5#color:Negro","//sgfm.elcorteingles.es/SGFM/dctm/MEDIA03/201604/21/00117730837436____1__210x210.jpg://sgfm.elcorteingles.es/SGFM/dctm/MEDIA03/201604/21/00117730837436____2__210x210.jpg://sgfm.elcorteingles.es/SGFM/dctm/MEDIA03/201604/21/00117730837436____3__210x210.jpg","//sgfm.elcorteingles.es/SGFM/dctm/MEDIA03/201604/21/00117730837436____1__640x640.jpg://sgfm.elcorteingles.es/SGFM/dctm/MEDIA03/201604/21/00117730837436____2__640x640.jpg://sgfm.elcorteingles.es/SGFM/dctm/MEDIA03/201604/21/00117730837436____3__640x640.jpg","//sgfm.elcorteingles.es/SGFM/dctm/MEDIA03/201604/21/00117730837436____1__1200x1200.jpg://sgfm.elcorteingles.es/SGFM/dctm/MEDIA03/201604/21/00117730837436____2__1200x1200.jpg://sgfm.elcorteingles.es/SGFM/dctm/MEDIA03/201604/21/00117730837436____3__1200x1200.jpg"
"001017730837436085","001017730837436","Zapatillas de running de hombre Gel Noosa Tri 11 Asics","Asics","109.95","109.95","Negro","hombre",,"Acelera la segunda transición de la prueba y corre los 42km finales. La nueva GEL-NOOSA TRI 11 es perfecta para arañar esos valiosos segundos al crono en la segunda transición y correr la última parte de la prueba a toda velocidad.","Zapatillas","talla:42#color:Negro","//sgfm.elcorteingles.es/SGFM/dctm/MEDIA03/201604/21/00117730837436____1__210x210.jpg://sgfm.elcorteingles.es/SGFM/dctm/MEDIA03/201604/21/00117730837436____2__210x210.jpg://sgfm.elcorteingles.es/SGFM/dctm/MEDIA03/201604/21/00117730837436____3__210x210.jpg","//sgfm.elcorteingles.es/SGFM/dctm/MEDIA03/201604/21/00117730837436____1__640x640.jpg://sgfm.elcorteingles.es/SGFM/dctm/MEDIA03/201604/21/00117730837436____2__640x640.jpg://sgfm.elcorteingles.es/SGFM/dctm/MEDIA03/201604/21/00117730837436____3__640x640.jpg","//sgfm.elcorteingles.es/SGFM/dctm/MEDIA03/201604/21/00117730837436____1__1200x1200.jpg://sgfm.elcorteingles.es/SGFM/dctm/MEDIA03/201604/21/00117730837436____2__1200x1200.jpg://sgfm.elcorteingles.es/SGFM/dctm/MEDIA03/201604/21/00117730837436____3__1200x1200.jpg"
"001017730837436090","001017730837436","Zapatillas de running de hombre Gel Noosa Tri 11 Asics","Asics","109.95","109.95","Negro","hombre",,"Acelera la segunda transición de la prueba y corre los 42km finales. La nueva GEL-NOOSA TRI 11 es perfecta para arañar esos valiosos segundos al crono en la segunda transición y correr la última parte de la prueba a toda velocidad.","Zapatillas","talla:42,5#color:Negro","//sgfm.elcorteingles.es/SGFM/dctm/MEDIA03/201604/21/00117730837436____1__210x210.jpg://sgfm.elcorteingles.es/SGFM/dctm/MEDIA03/201604/21/00117730837436____2__210x210.jpg://sgfm.elcorteingles.es/SGFM/dctm/MEDIA03/201604/21/00117730837436____3__210x210.jpg","//sgfm.elcorteingles.es/SGFM/dctm/MEDIA03/201604/21/00117730837436____1__640x640.jpg://sgfm.elcorteingles.es/SGFM/dctm/MEDIA03/201604/21/00117730837436____2__640x640.jpg://sgfm.elcorteingles.es/SGFM/dctm/MEDIA03/201604/21/00117730837436____3__640x640.jpg","//sgfm.elcorteingles.es/SGFM/dctm/MEDIA03/201604/21/00117730837436____1__1200x1200.jpg://sgfm.elcorteingles.es/SGFM/dctm/MEDIA03/201604/21/00117730837436____2__1200x1200.jpg://sgfm.elcorteingles.es/SGFM/dctm/MEDIA03/201604/21/00117730837436____3__1200x1200.jpg"
"001017730837436095","001017730837436","Zapatillas de running de hombre Gel Noosa Tri 11 Asics","Asics","109.95","109.95","Negro","hombre",,"Acelera la segunda transición de la prueba y corre los 42km finales. La nueva GEL-NOOSA TRI 11 es perfecta para arañar esos valiosos segundos al crono en la segunda transición y correr la última parte de la prueba a toda velocidad.","Zapatillas","talla:43,5#color:Negro","//sgfm.elcorteingles.es/SGFM/dctm/MEDIA03/201604/21/00117730837436____1__210x210.jpg://sgfm.elcorteingles.es/SGFM/dctm/MEDIA03/201604/21/00117730837436____2__210x210.jpg://sgfm.elcorteingles.es/SGFM/dctm/MEDIA03/201604/21/00117730837436____3__210x210.jpg","//sgfm.elcorteingles.es/SGFM/dctm/MEDIA03/201604/21/00117730837436____1__640x640.jpg://sgfm.elcorteingles.es/SGFM/dctm/MEDIA03/201604/21/00117730837436____2__640x640.jpg://sgfm.elcorteingles.es/SGFM/dctm/MEDIA03/201604/21/00117730837436____3__640x640.jpg","//sgfm.elcorteingles.es/SGFM/dctm/MEDIA03/201604/21/00117730837436____1__1200x1200.jpg://sgfm.elcorteingles.es/SGFM/dctm/MEDIA03/201604/21/00117730837436____2__1200x1200.jpg://sgfm.elcorteingles.es/SGFM/dctm/MEDIA03/201604/21/00117730837436____3__1200x1200.jpg"
"001017730837436100","001017730837436","Zapatillas de running de hombre Gel Noosa Tri 11 Asics","Asics","109.95","109.95","Negro","hombre",,"Acelera la segunda transición de la prueba y corre los 42km finales. La nueva GEL-NOOSA TRI 11 es perfecta para arañar esos valiosos segundos al crono en la segunda transición y correr la última parte de la prueba a toda velocidad.","Zapatillas","talla:44#color:Negro","//sgfm.elcorteingles.es/SGFM/dctm/MEDIA03/201604/21/00117730837436____1__210x210.jpg://sgfm.elcorteingles.es/SGFM/dctm/MEDIA03/201604/21/00117730837436____2__210x210.jpg://sgfm.elcorteingles.es/SGFM/dctm/MEDIA03/201604/21/00117730837436____3__210x210.jpg","//sgfm.elcorteingles.es/SGFM/dctm/MEDIA03/201604/21/00117730837436____1__640x640.jpg://sgfm.elcorteingles.es/SGFM/dctm/MEDIA03/201604/21/00117730837436____2__640x640.jpg://sgfm.elcorteingles.es/SGFM/dctm/MEDIA03/201604/21/00117730837436____3__640x640.jpg","//sgfm.elcorteingles.es/SGFM/dctm/MEDIA03/201604/21/00117730837436____1__1200x1200.jpg://sgfm.elcorteingles.es/SGFM/dctm/MEDIA03/201604/21/00117730837436____2__1200x1200.jpg://sgfm.elcorteingles.es/SGFM/dctm/MEDIA03/201604/21/00117730837436____3__1200x1200.jpg"
"001017730837436105","001017730837436","Zapatillas de running de hombre Gel Noosa Tri 11 Asics","Asics","109.95","109.95","Negro","hombre",,"Acelera la segunda transición de la prueba y corre los 42km finales. La nueva GEL-NOOSA TRI 11 es perfecta para arañar esos valiosos segundos al crono en la segunda transición y correr la última parte de la prueba a toda velocidad.","Zapatillas","talla:44,5#color:Negro","//sgfm.elcorteingles.es/SGFM/dctm/MEDIA03/201604/21/00117730837436____1__210x210.jpg://sgfm.elcorteingles.es/SGFM/dctm/MEDIA03/201604/21/00117730837436____2__210x210.jpg://sgfm.elcorteingles.es/SGFM/dctm/MEDIA03/201604/21/00117730837436____3__210x210.jpg","//sgfm.elcorteingles.es/SGFM/dctm/MEDIA03/201604/21/00117730837436____1__640x640.jpg://sgfm.elcorteingles.es/SGFM/dctm/MEDIA03/201604/21/00117730837436____2__640x640.jpg://sgfm.elcorteingles.es/SGFM/dctm/MEDIA03/201604/21/00117730837436____3__640x640.jpg","//sgfm.elcorteingles.es/SGFM/dctm/MEDIA03/201604/21/00117730837436____1__1200x1200.jpg://sgfm.elcorteingles.es/SGFM/dctm/MEDIA03/201604/21/00117730837436____2__1200x1200.jpg://sgfm.elcorteingles.es/SGFM/dctm/MEDIA03/201604/21/00117730837436____3__1200x1200.jpg"
"001017730837436110","001017730837436","Zapatillas de running de hombre Gel Noosa Tri 11 Asics","Asics","109.95","109.95","Negro","hombre",,"Acelera la segunda transición de la prueba y corre los 42km finales. La nueva GEL-NOOSA TRI 11 es perfecta para arañar esos valiosos segundos al crono en la segunda transición y correr la última parte de la prueba a toda velocidad.","Zapatillas","talla:45#color:Negro","//sgfm.elcorteingles.es/SGFM/dctm/MEDIA03/201604/21/00117730837436____1__210x210.jpg://sgfm.elcorteingles.es/SGFM/dctm/MEDIA03/201604/21/00117730837436____2__210x210.jpg://sgfm.elcorteingles.es/SGFM/dctm/MEDIA03/201604/21/00117730837436____3__210x210.jpg","//sgfm.elcorteingles.es/SGFM/dctm/MEDIA03/201604/21/00117730837436____1__640x640.jpg://sgfm.elcorteingles.es/SGFM/dctm/MEDIA03/201604/21/00117730837436____2__640x640.jpg://sgfm.elcorteingles.es/SGFM/dctm/MEDIA03/201604/21/00117730837436____3__640x640.jpg","//sgfm.elcorteingles.es/SGFM/dctm/MEDIA03/201604/21/00117730837436____1__1200x1200.jpg://sgfm.elcorteingles.es/SGFM/dctm/MEDIA03/201604/21/00117730837436____2__1200x1200.jpg://sgfm.elcorteingles.es/SGFM/dctm/MEDIA03/201604/21/00117730837436____3__1200x1200.jpg"
"001017730837436115","001017730837436","Zapatillas de running de hombre Gel Noosa Tri 11 Asics","Asics","109.95","109.95","Negro","hombre",,"Acelera la segunda transición de la prueba y corre los 42km finales. La nueva GEL-NOOSA TRI 11 es perfecta para arañar esos valiosos segundos al crono en la segunda transición y correr la última parte de la prueba a toda velocidad.","Zapatillas","talla:46#color:Negro","//sgfm.elcorteingles.es/SGFM/dctm/MEDIA03/201604/21/00117730837436____1__210x210.jpg://sgfm.elcorteingles.es/SGFM/dctm/MEDIA03/201604/21/00117730837436____2__210x210.jpg://sgfm.elcorteingles.es/SGFM/dctm/MEDIA03/201604/21/00117730837436____3__210x210.jpg","//sgfm.elcorteingles.es/SGFM/dctm/MEDIA03/201604/21/00117730837436____1__640x640.jpg://sgfm.elcorteingles.es/SGFM/dctm/MEDIA03/201604/21/00117730837436____2__640x640.jpg://sgfm.elcorteingles.es/SGFM/dctm/MEDIA03/201604/21/00117730837436____3__640x640.jpg","//sgfm.elcorteingles.es/SGFM/dctm/MEDIA03/201604/21/00117730837436____1__1200x1200.jpg://sgfm.elcorteingles.es/SGFM/dctm/MEDIA03/201604/21/00117730837436____2__1200x1200.jpg://sgfm.elcorteingles.es/SGFM/dctm/MEDIA03/201604/21/00117730837436____3__1200x1200.jpg"
"001017730838236",,"Zapatillas de running de hombre Gel Noosa Tri 11 Asics","Asics","119.95","119.95","Multicolor","hombre",,"Acelera la segunda transición de la prueba y corre los 42km finales. La nueva Gel-Noosa TRI 11 es perfecta para arañar esos valiosos segundos al crono en la segunda transición y correr la última parte de la prueba a toda velocidad.","Zapatillas","color:talla","//sgfm.elcorteingles.es/SGFM/dctm/MEDIA03/201606/02/00117730838228____1__210x210.jpg://sgfm.elcorteingles.es/SGFM/dctm/MEDIA03/201606/02/00117730838228____2__210x210.jpg://sgfm.elcorteingles.es/SGFM/dctm/MEDIA03/201606/02/00117730838228____3__210x210.jpg://sgfm.elcorteingles.es/SGFM/dctm/MEDIA03/201606/02/00117730838228____4__210x210.jpg://sgfm.elcorteingles.es/SGFM/dctm/MEDIA03/201606/02/00117730838228____5__210x210.jpg","//sgfm.elcorteingles.es/SGFM/dctm/MEDIA03/201606/02/00117730838228____1__640x640.jpg://sgfm.elcorteingles.es/SGFM/dctm/MEDIA03/201606/02/00117730838228____2__640x640.jpg://sgfm.elcorteingles.es/SGFM/dctm/MEDIA03/201606/02/00117730838228____3__640x640.jpg://sgfm.elcorteingles.es/SGFM/dctm/MEDIA03/201606/02/00117730838228____4__640x640.jpg://sgfm.elcorteingles.es/SGFM/dctm/MEDIA03/201606/02/00117730838228____5__640x640.jpg","//sgfm.elcorteingles.es/SGFM/dctm/MEDIA03/201606/02/00117730838228____1__1200x1200.jpg://sgfm.elcorteingles.es/SGFM/dctm/MEDIA03/201606/02/00117730838228____2__1200x1200.jpg://sgfm.elcorteingles.es/SGFM/dctm/MEDIA03/201606/02/00117730838228____3__1200x1200.jpg://sgfm.elcorteingles.es/SGFM/dctm/MEDIA03/201606/02/00117730838228____4__1200x1200.jpg://sgfm.elcorteingles.es/SGFM/dctm/MEDIA03/201606/02/00117730838228____5__1200x1200.jpg"
"001017730838228070","001017730838236","Zapatillas de running de hombre Gel Noosa Tri 11 Asics","Asics","119.95","119.95","Multicolor","hombre",,"Acelera la segunda transición de la prueba y corre los 42km finales. La nueva Gel-Noosa TRI 11 es perfecta para arañar esos valiosos segundos al crono en la segunda transición y correr la última parte de la prueba a toda velocidad.","Zapatillas","color:Multicolor#talla:40","//sgfm.elcorteingles.es/SGFM/dctm/MEDIA03/201606/02/00117730838228____1__210x210.jpg://sgfm.elcorteingles.es/SGFM/dctm/MEDIA03/201606/02/00117730838228____2__210x210.jpg://sgfm.elcorteingles.es/SGFM/dctm/MEDIA03/201606/02/00117730838228____3__210x210.jpg://sgfm.elcorteingles.es/SGFM/dctm/MEDIA03/201606/02/00117730838228____4__210x210.jpg://sgfm.elcorteingles.es/SGFM/dctm/MEDIA03/201606/02/00117730838228____5__210x210.jpg","//sgfm.elcorteingles.es/SGFM/dctm/MEDIA03/201606/02/00117730838228____1__640x640.jpg://sgfm.elcorteingles.es/SGFM/dctm/MEDIA03/201606/02/00117730838228____2__640x640.jpg://sgfm.elcorteingles.es/SGFM/dctm/MEDIA03/201606/02/00117730838228____3__640x640.jpg://sgfm.elcorteingles.es/SGFM/dctm/MEDIA03/201606/02/00117730838228____4__640x640.jpg://sgfm.elcorteingles.es/SGFM/dctm/MEDIA03/201606/02/00117730838228____5__640x640.jpg","//sgfm.elcorteingles.es/SGFM/dctm/MEDIA03/201606/02/00117730838228____1__1200x1200.jpg://sgfm.elcorteingles.es/SGFM/dctm/MEDIA03/201606/02/00117730838228____2__1200x1200.jpg://sgfm.elcorteingles.es/SGFM/dctm/MEDIA03/201606/02/00117730838228____3__1200x1200.jpg://sgfm.elcorteingles.es/SGFM/dctm/MEDIA03/201606/02/00117730838228____4__1200x1200.jpg://sgfm.elcorteingles.es/SGFM/dctm/MEDIA03/201606/02/00117730838228____5__1200x1200.jpg"
"001017730838236070","001017730838236","Zapatillas de running de hombre Gel Noosa Tri 11 Asics","Asics","119.95","119.95","Gris","hombre",,"Acelera la segunda transición de la prueba y corre los 42km finales. La nueva Gel-Noosa TRI 11 es perfecta para arañar esos valiosos segundos al crono en la segunda transición y correr la última parte de la prueba a toda velocidad.","Zapatillas","color:Gris#talla:40","//sgfm.elcorteingles.es/SGFM/dctm/MEDIA03/201606/02/00117730838236____1__210x210.jpg://sgfm.elcorteingles.es/SGFM/dctm/MEDIA03/201606/02/00117730838236____2__210x210.jpg://sgfm.elcorteingles.es/SGFM/dctm/MEDIA03/201606/02/00117730838236____3__210x210.jpg://sgfm.elcorteingles.es/SGFM/dctm/MEDIA03/201606/02/00117730838236____4__210x210.jpg://sgfm.elcorteingles.es/SGFM/dctm/MEDIA03/201606/02/00117730838236____5__210x210.jpg","//sgfm.elcorteingles.es/SGFM/dctm/MEDIA03/201606/02/00117730838236____1__640x640.jpg://sgfm.elcorteingles.es/SGFM/dctm/MEDIA03/201606/02/00117730838236____2__640x640.jpg://sgfm.elcorteingles.es/SGFM/dctm/MEDIA03/201606/02/00117730838236____3__640x640.jpg://sgfm.elcorteingles.es/SGFM/dctm/MEDIA03/201606/02/00117730838236____4__640x640.jpg://sgfm.elcorteingles.es/SGFM/dctm/MEDIA03/201606/02/00117730838236____5__640x640.jpg","//sgfm.elcorteingles.es/SGFM/dctm/MEDIA03/201606/02/00117730838236____1__1200x1200.jpg://sgfm.elcorteingles.es/SGFM/dctm/MEDIA03/201606/02/00117730838236____2__1200x1200.jpg://sgfm.elcorteingles.es/SGFM/dctm/MEDIA03/201606/02/00117730838236____3__1200x1200.jpg://sgfm.elcorteingles.es/SGFM/dctm/MEDIA03/201606/02/00117730838236____4__1200x1200.jpg://sgfm.elcorteingles.es/SGFM/dctm/MEDIA03/201606/02/00117730838236____5__1200x1200.jpg"
"001017730838228075","001017730838236","Zapatillas de running de hombre Gel Noosa Tri 11 Asics","Asics","119.95","119.95","Multicolor","hombre",,"Acelera la segunda transición de la prueba y corre los 42km finales. La nueva Gel-Noosa TRI 11 es perfecta para arañar esos valiosos segundos al crono en la segunda transición y correr la última parte de la prueba a toda velocidad.","Zapatillas","color:Multicolor#talla:40,5","//sgfm.elcorteingles.es/SGFM/dctm/MEDIA03/201606/02/00117730838228____1__210x210.jpg://sgfm.elcorteingles.es/SGFM/dctm/MEDIA03/201606/02/00117730838228____2__210x210.jpg://sgfm.elcorteingles.es/SGFM/dctm/MEDIA03/201606/02/00117730838228____3__210x210.jpg://sgfm.elcorteingles.es/SGFM/dctm/MEDIA03/201606/02/00117730838228____4__210x210.jpg://sgfm.elcorteingles.es/SGFM/dctm/MEDIA03/201606/02/00117730838228____5__210x210.jpg","//sgfm.elcorteingles.es/SGFM/dctm/MEDIA03/201606/02/00117730838228____1__640x640.jpg://sgfm.elcorteingles.es/SGFM/dctm/MEDIA03/201606/02/00117730838228____2__640x640.jpg://sgfm.elcorteingles.es/SGFM/dctm/MEDIA03/201606/02/00117730838228____3__640x640.jpg://sgfm.elcorteingles.es/SGFM/dctm/MEDIA03/201606/02/00117730838228____4__640x640.jpg://sgfm.elcorteingles.es/SGFM/dctm/MEDIA03/201606/02/00117730838228____5__640x640.jpg","//sgfm.elcorteingles.es/SGFM/dctm/MEDIA03/201606/02/00117730838228____1__1200x1200.jpg://sgfm.elcorteingles.es/SGFM/dctm/MEDIA03/201606/02/00117730838228____2__1200x1200.jpg://sgfm.elcorteingles.es/SGFM/dctm/MEDIA03/201606/02/00117730838228____3__1200x1200.jpg://sgfm.elcorteingles.es/SGFM/dctm/MEDIA03/201606/02/00117730838228____4__1200x1200.jpg://sgfm.elcorteingles.es/SGFM/dctm/MEDIA03/201606/02/00117730838228____5__1200x1200.jpg"
"001017730838236075","001017730838236","Zapatillas de running de hombre Gel Noosa Tri 11 Asics","Asics","119.95","119.95","Gris","hombre",,"Acelera la segunda transición de la prueba y corre los 42km finales. La nueva Gel-Noosa TRI 11 es perfecta para arañar esos valiosos segundos al crono en la segunda transición y correr la última parte de la prueba a toda velocidad.","Zapatillas","color:Gris#talla:40,5","//sgfm.elcorteingles.es/SGFM/dctm/MEDIA03/201606/02/00117730838236____1__210x210.jpg://sgfm.elcorteingles.es/SGFM/dctm/MEDIA03/201606/02/00117730838236____2__210x210.jpg://sgfm.elcorteingles.es/SGFM/dctm/MEDIA03/201606/02/00117730838236____3__210x210.jpg://sgfm.elcorteingles.es/SGFM/dctm/MEDIA03/201606/02/00117730838236____4__210x210.jpg://sgfm.elcorteingles.es/SGFM/dctm/MEDIA03/201606/02/00117730838236____5__210x210.jpg","//sgfm.elcorteingles.es/SGFM/dctm/MEDIA03/201606/02/00117730838236____1__640x640.jpg://sgfm.elcorteingles.es/SGFM/dctm/MEDIA03/201606/02/00117730838236____2__640x640.jpg://sgfm.elcorteingles.es/SGFM/dctm/MEDIA03/201606/02/00117730838236____3__640x640.jpg://sgfm.elcorteingles.es/SGFM/dctm/MEDIA03/201606/02/00117730838236____4__640x640.jpg://sgfm.elcorteingles.es/SGFM/dctm/MEDIA03/201606/02/00117730838236____5__640x640.jpg","//sgfm.elcorteingles.es/SGFM/dctm/MEDIA03/201606/02/00117730838236____1__1200x1200.jpg://sgfm.elcorteingles.es/SGFM/dctm/MEDIA03/201606/02/00117730838236____2__1200x1200.jpg://sgfm.elcorteingles.es/SGFM/dctm/MEDIA03/201606/02/00117730838236____3__1200x1200.jpg://sgfm.elcorteingles.es/SGFM/dctm/MEDIA03/201606/02/00117730838236____4__1200x1200.jpg://sgfm.elcorteingles.es/SGFM/dctm/MEDIA03/201606/02/00117730838236____5__1200x1200.jpg"
"001017730838228080","001017730838236","Zapatillas de running de hombre Gel Noosa Tri 11 Asics","Asics","119.95","119.95","Multicolor","hombre",,"Acelera la segunda transición de la prueba y corre los 42km finales. La nueva Gel-Noosa TRI 11 es perfecta para arañar esos valiosos segundos al crono en la segunda transición y correr la última parte de la prueba a toda velocidad.","Zapatillas","color:Multicolor#talla:41,5","//sgfm.elcorteingles.es/SGFM/dctm/MEDIA03/201606/02/00117730838228____1__210x210.jpg://sgfm.elcorteingles.es/SGFM/dctm/MEDIA03/201606/02/00117730838228____2__210x210.jpg://sgfm.elcorteingles.es/SGFM/dctm/MEDIA03/201606/02/00117730838228____3__210x210.jpg://sgfm.elcorteingles.es/SGFM/dctm/MEDIA03/201606/02/00117730838228____4__210x210.jpg://sgfm.elcorteingles.es/SGFM/dctm/MEDIA03/201606/02/00117730838228____5__210x210.jpg","//sgfm.elcorteingles.es/SGFM/dctm/MEDIA03/201606/02/00117730838228____1__640x640.jpg://sgfm.elcorteingles.es/SGFM/dctm/MEDIA03/201606/02/00117730838228____2__640x640.jpg://sgfm.elcorteingles.es/SGFM/dctm/MEDIA03/201606/02/00117730838228____3__640x640.jpg://sgfm.elcorteingles.es/SGFM/dctm/MEDIA03/201606/02/00117730838228____4__640x640.jpg://sgfm.elcorteingles.es/SGFM/dctm/MEDIA03/201606/02/00117730838228____5__640x640.jpg","//sgfm.elcorteingles.es/SGFM/dctm/MEDIA03/201606/02/00117730838228____1__1200x1200.jpg://sgfm.elcorteingles.es/SGFM/dctm/MEDIA03/201606/02/00117730838228____2__1200x1200.jpg://sgfm.elcorteingles.es/SGFM/dctm/MEDIA03/201606/02/00117730838228____3__1200x1200.jpg://sgfm.elcorteingles.es/SGFM/dctm/MEDIA03/201606/02/00117730838228____4__1200x1200.jpg://sgfm.elcorteingles.es/SGFM/dctm/MEDIA03/201606/02/00117730838228____5__1200x1200.jpg"
"001017730838236080","001017730838236","Zapatillas de running de hombre Gel Noosa Tri 11 Asics","Asics","119.95","119.95","Gris","hombre",,"Acelera la segunda transición de la prueba y corre los 42km finales. La nueva Gel-Noosa TRI 11 es perfecta para arañar esos valiosos segundos al crono en la segunda transición y correr la última parte de la prueba a toda velocidad.","Zapatillas","color:Gris#talla:41,5","//sgfm.elcorteingles.es/SGFM/dctm/MEDIA03/201606/02/00117730838236____1__210x210.jpg://sgfm.elcorteingles.es/SGFM/dctm/MEDIA03/201606/02/00117730838236____2__210x210.jpg://sgfm.elcorteingles.es/SGFM/dctm/MEDIA03/201606/02/00117730838236____3__210x210.jpg://sgfm.elcorteingles.es/SGFM/dctm/MEDIA03/201606/02/00117730838236____4__210x210.jpg://sgfm.elcorteingles.es/SGFM/dctm/MEDIA03/201606/02/00117730838236____5__210x210.jpg","//sgfm.elcorteingles.es/SGFM/dctm/MEDIA03/201606/02/00117730838236____1__640x640.jpg://sgfm.elcorteingles.es/SGFM/dctm/MEDIA03/201606/02/00117730838236____2__640x640.jpg://sgfm.elcorteingles.es/SGFM/dctm/MEDIA03/201606/02/00117730838236____3__640x640.jpg://sgfm.elcorteingles.es/SGFM/dctm/MEDIA03/201606/02/00117730838236____4__640x640.jpg://sgfm.elcorteingles.es/SGFM/dctm/MEDIA03/201606/02/00117730838236____5__640x640.jpg","//sgfm.elcorteingles.es/SGFM/dctm/MEDIA03/201606/02/00117730838236____1__1200x1200.jpg://sgfm.elcorteingles.es/SGFM/dctm/MEDIA03/201606/02/00117730838236____2__1200x1200.jpg://sgfm.elcorteingles.es/SGFM/dctm/MEDIA03/201606/02/00117730838236____3__1200x1200.jpg://sgfm.elcorteingles.es/SGFM/dctm/MEDIA03/201606/02/00117730838236____4__1200x1200.jpg://sgfm.elcorteingles.es/SGFM/dctm/MEDIA03/201606/02/00117730838236____5__1200x1200.jpg"
"001017730838228085","001017730838236","Zapatillas de running de hombre Gel Noosa Tri 11 Asics","Asics","119.95","119.95","Multicolor","hombre",,"Acelera la segunda transición de la prueba y corre los 42km finales. La nueva Gel-Noosa TRI 11 es perfecta para arañar esos valiosos segundos al crono en la segunda transición y correr la última parte de la prueba a toda velocidad.","Zapatillas","color:Multicolor#talla:42","//sgfm.elcorteingles.es/SGFM/dctm/MEDIA03/201606/02/00117730838228____1__210x210.jpg://sgfm.elcorteingles.es/SGFM/dctm/MEDIA03/201606/02/00117730838228____2__210x210.jpg://sgfm.elcorteingles.es/SGFM/dctm/MEDIA03/201606/02/00117730838228____3__210x210.jpg://sgfm.elcorteingles.es/SGFM/dctm/MEDIA03/201606/02/00117730838228____4__210x210.jpg://sgfm.elcorteingles.es/SGFM/dctm/MEDIA03/201606/02/00117730838228____5__210x210.jpg","//sgfm.elcorteingles.es/SGFM/dctm/MEDIA03/201606/02/00117730838228____1__640x640.jpg://sgfm.elcorteingles.es/SGFM/dctm/MEDIA03/201606/02/00117730838228____2__640x640.jpg://sgfm.elcorteingles.es/SGFM/dctm/MEDIA03/201606/02/00117730838228____3__640x640.jpg://sgfm.elcorteingles.es/SGFM/dctm/MEDIA03/201606/02/00117730838228____4__640x640.jpg://sgfm.elcorteingles.es/SGFM/dctm/MEDIA03/201606/02/00117730838228____5__640x640.jpg","//sgfm.elcorteingles.es/SGFM/dctm/MEDIA03/201606/02/00117730838228____1__1200x1200.jpg://sgfm.elcorteingles.es/SGFM/dctm/MEDIA03/201606/02/00117730838228____2__1200x1200.jpg://sgfm.elcorteingles.es/SGFM/dctm/MEDIA03/201606/02/00117730838228____3__1200x1200.jpg://sgfm.elcorteingles.es/SGFM/dctm/MEDIA03/201606/02/00117730838228____4__1200x1200.jpg://sgfm.elcorteingles.es/SGFM/dctm/MEDIA03/201606/02/00117730838228____5__1200x1200.jpg"
"001017730838236085","001017730838236","Zapatillas de running de hombre Gel Noosa Tri 11 Asics","Asics","119.95","119.95","Gris","hombre",,"Acelera la segunda transición de la prueba y corre los 42km finales. La nueva Gel-Noosa TRI 11 es perfecta para arañar esos valiosos segundos al crono en la segunda transición y correr la última parte de la prueba a toda velocidad.","Zapatillas","color:Gris#talla:42","//sgfm.elcorteingles.es/SGFM/dctm/MEDIA03/201606/02/00117730838236____1__210x210.jpg://sgfm.elcorteingles.es/SGFM/dctm/MEDIA03/201606/02/00117730838236____2__210x210.jpg://sgfm.elcorteingles.es/SGFM/dctm/MEDIA03/201606/02/00117730838236____3__210x210.jpg://sgfm.elcorteingles.es/SGFM/dctm/MEDIA03/201606/02/00117730838236____4__210x210.jpg://sgfm.elcorteingles.es/SGFM/dctm/MEDIA03/201606/02/00117730838236____5__210x210.jpg","//sgfm.elcorteingles.es/SGFM/dctm/MEDIA03/201606/02/00117730838236____1__640x640.jpg://sgfm.elcorteingles.es/SGFM/dctm/MEDIA03/201606/02/00117730838236____2__640x640.jpg://sgfm.elcorteingles.es/SGFM/dctm/MEDIA03/201606/02/00117730838236____3__640x640.jpg://sgfm.elcorteingles.es/SGFM/dctm/MEDIA03/201606/02/00117730838236____4__640x640.jpg://sgfm.elcorteingles.es/SGFM/dctm/MEDIA03/201606/02/00117730838236____5__640x640.jpg","//sgfm.elcorteingles.es/SGFM/dctm/MEDIA03/201606/02/00117730838236____1__1200x1200.jpg://sgfm.elcorteingles.es/SGFM/dctm/MEDIA03/201606/02/00117730838236____2__1200x1200.jpg://sgfm.elcorteingles.es/SGFM/dctm/MEDIA03/201606/02/00117730838236____3__1200x1200.jpg://sgfm.elcorteingles.es/SGFM/dctm/MEDIA03/201606/02/00117730838236____4__1200x1200.jpg://sgfm.elcorteingles.es/SGFM/dctm/MEDIA03/201606/02/00117730838236____5__1200x1200.jpg"
"001017730838228090","001017730838236","Zapatillas de running de hombre Gel Noosa Tri 11 Asics","Asics","119.95","119.95","Multicolor","hombre",,"Acelera la segunda transición de la prueba y corre los 42km finales. La nueva Gel-Noosa TRI 11 es perfecta para arañar esos valiosos segundos al crono en la segunda transición y correr la última parte de la prueba a toda velocidad.","Zapatillas","color:Multicolor#talla:42,5","//sgfm.elcorteingles.es/SGFM/dctm/MEDIA03/201606/02/00117730838228____1__210x210.jpg://sgfm.elcorteingles.es/SGFM/dctm/MEDIA03/201606/02/00117730838228____2__210x210.jpg://sgfm.elcorteingles.es/SGFM/dctm/MEDIA03/201606/02/00117730838228____3__210x210.jpg://sgfm.elcorteingles.es/SGFM/dctm/MEDIA03/201606/02/00117730838228____4__210x210.jpg://sgfm.elcorteingles.es/SGFM/dctm/MEDIA03/201606/02/00117730838228____5__210x210.jpg","//sgfm.elcorteingles.es/SGFM/dctm/MEDIA03/201606/02/00117730838228____1__640x640.jpg://sgfm.elcorteingles.es/SGFM/dctm/MEDIA03/201606/02/00117730838228____2__640x640.jpg://sgfm.elcorteingles.es/SGFM/dctm/MEDIA03/201606/02/00117730838228____3__640x640.jpg://sgfm.elcorteingles.es/SGFM/dctm/MEDIA03/201606/02/00117730838228____4__640x640.jpg://sgfm.elcorteingles.es/SGFM/dctm/MEDIA03/201606/02/00117730838228____5__640x640.jpg","//sgfm.elcorteingles.es/SGFM/dctm/MEDIA03/201606/02/00117730838228____1__1200x1200.jpg://sgfm.elcorteingles.es/SGFM/dctm/MEDIA03/201606/02/00117730838228____2__1200x1200.jpg://sgfm.elcorteingles.es/SGFM/dctm/MEDIA03/201606/02/00117730838228____3__1200x1200.jpg://sgfm.elcorteingles.es/SGFM/dctm/MEDIA03/201606/02/00117730838228____4__1200x1200.jpg://sgfm.elcorteingles.es/SGFM/dctm/MEDIA03/201606/02/00117730838228____5__1200x1200.jpg"
"001017730838236090","001017730838236","Zapatillas de running de hombre Gel Noosa Tri 11 Asics","Asics","119.95","119.95","Gris","hombre",,"Acelera la segunda transición de la prueba y corre los 42km finales. La nueva Gel-Noosa TRI 11 es perfecta para arañar esos valiosos segundos al crono en la segunda transición y correr la última parte de la prueba a toda velocidad.","Zapatillas","color:Gris#talla:42,5","//sgfm.elcorteingles.es/SGFM/dctm/MEDIA03/201606/02/00117730838236____1__210x210.jpg://sgfm.elcorteingles.es/SGFM/dctm/MEDIA03/201606/02/00117730838236____2__210x210.jpg://sgfm.elcorteingles.es/SGFM/dctm/MEDIA03/201606/02/00117730838236____3__210x210.jpg://sgfm.elcorteingles.es/SGFM/dctm/MEDIA03/201606/02/00117730838236____4__210x210.jpg://sgfm.elcorteingles.es/SGFM/dctm/MEDIA03/201606/02/00117730838236____5__210x210.jpg","//sgfm.elcorteingles.es/SGFM/dctm/MEDIA03/201606/02/00117730838236____1__640x640.jpg://sgfm.elcorteingles.es/SGFM/dctm/MEDIA03/201606/02/00117730838236____2__640x640.jpg://sgfm.elcorteingles.es/SGFM/dctm/MEDIA03/201606/02/00117730838236____3__640x640.jpg://sgfm.elcorteingles.es/SGFM/dctm/MEDIA03/201606/02/00117730838236____4__640x640.jpg://sgfm.elcorteingles.es/SGFM/dctm/MEDIA03/201606/02/00117730838236____5__640x640.jpg","//sgfm.elcorteingles.es/SGFM/dctm/MEDIA03/201606/02/00117730838236____1__1200x1200.jpg://sgfm.elcorteingles.es/SGFM/dctm/MEDIA03/201606/02/00117730838236____2__1200x1200.jpg://sgfm.elcorteingles.es/SGFM/dctm/MEDIA03/201606/02/00117730838236____3__1200x1200.jpg://sgfm.elcorteingles.es/SGFM/dctm/MEDIA03/201606/02/00117730838236____4__1200x1200.jpg://sgfm.elcorteingles.es/SGFM/dctm/MEDIA03/201606/02/00117730838236____5__1200x1200.jpg"
"001017730838228095","001017730838236","Zapatillas de running de hombre Gel Noosa Tri 11 Asics","Asics","119.95","119.95","Multicolor","hombre",,"Acelera la segunda transición de la prueba y corre los 42km finales. La nueva Gel-Noosa TRI 11 es perfecta para arañar esos valiosos segundos al crono en la segunda transición y correr la última parte de la prueba a toda velocidad.","Zapatillas","color:Multicolor#talla:43,5","//sgfm.elcorteingles.es/SGFM/dctm/MEDIA03/201606/02/00117730838228____1__210x210.jpg://sgfm.elcorteingles.es/SGFM/dctm/MEDIA03/201606/02/00117730838228____2__210x210.jpg://sgfm.elcorteingles.es/SGFM/dctm/MEDIA03/201606/02/00117730838228____3__210x210.jpg://sgfm.elcorteingles.es/SGFM/dctm/MEDIA03/201606/02/00117730838228____4__210x210.jpg://sgfm.elcorteingles.es/SGFM/dctm/MEDIA03/201606/02/00117730838228____5__210x210.jpg","//sgfm.elcorteingles.es/SGFM/dctm/MEDIA03/201606/02/00117730838228____1__640x640.jpg://sgfm.elcorteingles.es/SGFM/dctm/MEDIA03/201606/02/00117730838228____2__640x640.jpg://sgfm.elcorteingles.es/SGFM/dctm/MEDIA03/201606/02/00117730838228____3__640x640.jpg://sgfm.elcorteingles.es/SGFM/dctm/MEDIA03/201606/02/00117730838228____4__640x640.jpg://sgfm.elcorteingles.es/SGFM/dctm/MEDIA03/201606/02/00117730838228____5__640x640.jpg","//sgfm.elcorteingles.es/SGFM/dctm/MEDIA03/201606/02/00117730838228____1__1200x1200.jpg://sgfm.elcorteingles.es/SGFM/dctm/MEDIA03/201606/02/00117730838228____2__1200x1200.jpg://sgfm.elcorteingles.es/SGFM/dctm/MEDIA03/201606/02/00117730838228____3__1200x1200.jpg://sgfm.elcorteingles.es/SGFM/dctm/MEDIA03/201606/02/00117730838228____4__1200x1200.jpg://sgfm.elcorteingles.es/SGFM/dctm/MEDIA03/201606/02/00117730838228____5__1200x1200.jpg"
"001017730838236095","001017730838236","Zapatillas de running de hombre Gel Noosa Tri 11 Asics","Asics","119.95","119.95","Gris","hombre",,"Acelera la segunda transición de la prueba y corre los 42km finales. La nueva Gel-Noosa TRI 11 es perfecta para arañar esos valiosos segundos al crono en la segunda transición y correr la última parte de la prueba a toda velocidad.","Zapatillas","color:Gris#talla:43,5","//sgfm.elcorteingles.es/SGFM/dctm/MEDIA03/201606/02/00117730838236____1__210x210.jpg://sgfm.elcorteingles.es/SGFM/dctm/MEDIA03/201606/02/00117730838236____2__210x210.jpg://sgfm.elcorteingles.es/SGFM/dctm/MEDIA03/201606/02/00117730838236____3__210x210.jpg://sgfm.elcorteingles.es/SGFM/dctm/MEDIA03/201606/02/00117730838236____4__210x210.jpg://sgfm.elcorteingles.es/SGFM/dctm/MEDIA03/201606/02/00117730838236____5__210x210.jpg","//sgfm.elcorteingles.es/SGFM/dctm/MEDIA03/201606/02/00117730838236____1__640x640.jpg://sgfm.elcorteingles.es/SGFM/dctm/MEDIA03/201606/02/00117730838236____2__640x640.jpg://sgfm.elcorteingles.es/SGFM/dctm/MEDIA03/201606/02/00117730838236____3__640x640.jpg://sgfm.elcorteingles.es/SGFM/dctm/MEDIA03/201606/02/00117730838236____4__640x640.jpg://sgfm.elcorteingles.es/SGFM/dctm/MEDIA03/201606/02/00117730838236____5__640x640.jpg","//sgfm.elcorteingles.es/SGFM/dctm/MEDIA03/201606/02/00117730838236____1__1200x1200.jpg://sgfm.elcorteingles.es/SGFM/dctm/MEDIA03/201606/02/00117730838236____2__1200x1200.jpg://sgfm.elcorteingles.es/SGFM/dctm/MEDIA03/201606/02/00117730838236____3__1200x1200.jpg://sgfm.elcorteingles.es/SGFM/dctm/MEDIA03/201606/02/00117730838236____4__1200x1200.jpg://sgfm.elcorteingles.es/SGFM/dctm/MEDIA03/201606/02/00117730838236____5__1200x1200.jpg"
"001017730838228100","001017730838236","Zapatillas de running de hombre Gel Noosa Tri 11 Asics","Asics","119.95","119.95","Multicolor","hombre",,"Acelera la segunda transición de la prueba y corre los 42km finales. La nueva Gel-Noosa TRI 11 es perfecta para arañar esos valiosos segundos al crono en la segunda transición y correr la última parte de la prueba a toda velocidad.","Zapatillas","color:Multicolor#talla:44","//sgfm.elcorteingles.es/SGFM/dctm/MEDIA03/201606/02/00117730838228____1__210x210.jpg://sgfm.elcorteingles.es/SGFM/dctm/MEDIA03/201606/02/00117730838228____2__210x210.jpg://sgfm.elcorteingles.es/SGFM/dctm/MEDIA03/201606/02/00117730838228____3__210x210.jpg://sgfm.elcorteingles.es/SGFM/dctm/MEDIA03/201606/02/00117730838228____4__210x210.jpg://sgfm.elcorteingles.es/SGFM/dctm/MEDIA03/201606/02/00117730838228____5__210x210.jpg","//sgfm.elcorteingles.es/SGFM/dctm/MEDIA03/201606/02/00117730838228____1__640x640.jpg://sgfm.elcorteingles.es/SGFM/dctm/MEDIA03/201606/02/00117730838228____2__640x640.jpg://sgfm.elcorteingles.es/SGFM/dctm/MEDIA03/201606/02/00117730838228____3__640x640.jpg://sgfm.elcorteingles.es/SGFM/dctm/MEDIA03/201606/02/00117730838228____4__640x640.jpg://sgfm.elcorteingles.es/SGFM/dctm/MEDIA03/201606/02/00117730838228____5__640x640.jpg","//sgfm.elcorteingles.es/SGFM/dctm/MEDIA03/201606/02/00117730838228____1__1200x1200.jpg://sgfm.elcorteingles.es/SGFM/dctm/MEDIA03/201606/02/00117730838228____2__1200x1200.jpg://sgfm.elcorteingles.es/SGFM/dctm/MEDIA03/201606/02/00117730838228____3__1200x1200.jpg://sgfm.elcorteingles.es/SGFM/dctm/MEDIA03/201606/02/00117730838228____4__1200x1200.jpg://sgfm.elcorteingles.es/SGFM/dctm/MEDIA03/201606/02/00117730838228____5__1200x1200.jpg"
"001017730838236100","001017730838236","Zapatillas de running de hombre Gel Noosa Tri 11 Asics","Asics","119.95","119.95","Gris","hombre",,"Acelera la segunda transición de la prueba y corre los 42km finales. La nueva Gel-Noosa TRI 11 es perfecta para arañar esos valiosos segundos al crono en la segunda transición y correr la última parte de la prueba a toda velocidad.","Zapatillas","color:Gris#talla:44","//sgfm.elcorteingles.es/SGFM/dctm/MEDIA03/201606/02/00117730838236____1__210x210.jpg://sgfm.elcorteingles.es/SGFM/dctm/MEDIA03/201606/02/00117730838236____2__210x210.jpg://sgfm.elcorteingles.es/SGFM/dctm/MEDIA03/201606/02/00117730838236____3__210x210.jpg://sgfm.elcorteingles.es/SGFM/dctm/MEDIA03/201606/02/00117730838236____4__210x210.jpg://sgfm.elcorteingles.es/SGFM/dctm/MEDIA03/201606/02/00117730838236____5__210x210.jpg","//sgfm.elcorteingles.es/SGFM/dctm/MEDIA03/201606/02/00117730838236____1__640x640.jpg://sgfm.elcorteingles.es/SGFM/dctm/MEDIA03/201606/02/00117730838236____2__640x640.jpg://sgfm.elcorteingles.es/SGFM/dctm/MEDIA03/201606/02/00117730838236____3__640x640.jpg://sgfm.elcorteingles.es/SGFM/dctm/MEDIA03/201606/02/00117730838236____4__640x640.jpg://sgfm.elcorteingles.es/SGFM/dctm/MEDIA03/201606/02/00117730838236____5__640x640.jpg","//sgfm.elcorteingles.es/SGFM/dctm/MEDIA03/201606/02/00117730838236____1__1200x1200.jpg://sgfm.elcorteingles.es/SGFM/dctm/MEDIA03/201606/02/00117730838236____2__1200x1200.jpg://sgfm.elcorteingles.es/SGFM/dctm/MEDIA03/201606/02/00117730838236____3__1200x1200.jpg://sgfm.elcorteingles.es/SGFM/dctm/MEDIA03/201606/02/00117730838236____4__1200x1200.jpg://sgfm.elcorteingles.es/SGFM/dctm/MEDIA03/201606/02/00117730838236____5__1200x1200.jpg"
"001017730838228105","001017730838236","Zapatillas de running de hombre Gel Noosa Tri 11 Asics","Asics","119.95","119.95","Multicolor","hombre",,"Acelera la segunda transición de la prueba y corre los 42km finales. La nueva Gel-Noosa TRI 11 es perfecta para arañar esos valiosos segundos al crono en la segunda transición y correr la última parte de la prueba a toda velocidad.","Zapatillas","color:Multicolor#talla:44,5","//sgfm.elcorteingles.es/SGFM/dctm/MEDIA03/201606/02/00117730838228____1__210x210.jpg://sgfm.elcorteingles.es/SGFM/dctm/MEDIA03/201606/02/00117730838228____2__210x210.jpg://sgfm.elcorteingles.es/SGFM/dctm/MEDIA03/201606/02/00117730838228____3__210x210.jpg://sgfm.elcorteingles.es/SGFM/dctm/MEDIA03/201606/02/00117730838228____4__210x210.jpg://sgfm.elcorteingles.es/SGFM/dctm/MEDIA03/201606/02/00117730838228____5__210x210.jpg","//sgfm.elcorteingles.es/SGFM/dctm/MEDIA03/201606/02/00117730838228____1__640x640.jpg://sgfm.elcorteingles.es/SGFM/dctm/MEDIA03/201606/02/00117730838228____2__640x640.jpg://sgfm.elcorteingles.es/SGFM/dctm/MEDIA03/201606/02/00117730838228____3__640x640.jpg://sgfm.elcorteingles.es/SGFM/dctm/MEDIA03/201606/02/00117730838228____4__640x640.jpg://sgfm.elcorteingles.es/SGFM/dctm/MEDIA03/201606/02/00117730838228____5__640x640.jpg","//sgfm.elcorteingles.es/SGFM/dctm/MEDIA03/201606/02/00117730838228____1__1200x1200.jpg://sgfm.elcorteingles.es/SGFM/dctm/MEDIA03/201606/02/00117730838228____2__1200x1200.jpg://sgfm.elcorteingles.es/SGFM/dctm/MEDIA03/201606/02/00117730838228____3__1200x1200.jpg://sgfm.elcorteingles.es/SGFM/dctm/MEDIA03/201606/02/00117730838228____4__1200x1200.jpg://sgfm.elcorteingles.es/SGFM/dctm/MEDIA03/201606/02/00117730838228____5__1200x1200.jpg"
"001017730838236105","001017730838236","Zapatillas de running de hombre Gel Noosa Tri 11 Asics","Asics","119.95","119.95","Gris","hombre",,"Acelera la segunda transición de la prueba y corre los 42km finales. La nueva Gel-Noosa TRI 11 es perfecta para arañar esos valiosos segundos al crono en la segunda transición y correr la última parte de la prueba a toda velocidad.","Zapatillas","color:Gris#talla:44,5","//sgfm.elcorteingles.es/SGFM/dctm/MEDIA03/201606/02/00117730838236____1__210x210.jpg://sgfm.elcorteingles.es/SGFM/dctm/MEDIA03/201606/02/00117730838236____2__210x210.jpg://sgfm.elcorteingles.es/SGFM/dctm/MEDIA03/201606/02/00117730838236____3__210x210.jpg://sgfm.elcorteingles.es/SGFM/dctm/MEDIA03/201606/02/00117730838236____4__210x210.jpg://sgfm.elcorteingles.es/SGFM/dctm/MEDIA03/201606/02/00117730838236____5__210x210.jpg","//sgfm.elcorteingles.es/SGFM/dctm/MEDIA03/201606/02/00117730838236____1__640x640.jpg://sgfm.elcorteingles.es/SGFM/dctm/MEDIA03/201606/02/00117730838236____2__640x640.jpg://sgfm.elcorteingles.es/SGFM/dctm/MEDIA03/201606/02/00117730838236____3__640x640.jpg://sgfm.elcorteingles.es/SGFM/dctm/MEDIA03/201606/02/00117730838236____4__640x640.jpg://sgfm.elcorteingles.es/SGFM/dctm/MEDIA03/201606/02/00117730838236____5__640x640.jpg","//sgfm.elcorteingles.es/SGFM/dctm/MEDIA03/201606/02/00117730838236____1__1200x1200.jpg://sgfm.elcorteingles.es/SGFM/dctm/MEDIA03/201606/02/00117730838236____2__1200x1200.jpg://sgfm.elcorteingles.es/SGFM/dctm/MEDIA03/201606/02/00117730838236____3__1200x1200.jpg://sgfm.elcorteingles.es/SGFM/dctm/MEDIA03/201606/02/00117730838236____4__1200x1200.jpg://sgfm.elcorteingles.es/SGFM/dctm/MEDIA03/201606/02/00117730838236____5__1200x1200.jpg"
"001017730838228110","001017730838236","Zapatillas de running de hombre Gel Noosa Tri 11 Asics","Asics","119.95","119.95","Multicolor","hombre",,"Acelera la segunda transición de la prueba y corre los 42km finales. La nueva Gel-Noosa TRI 11 es perfecta para arañar esos valiosos segundos al crono en la segunda transición y correr la última parte de la prueba a toda velocidad.","Zapatillas","color:Multicolor#talla:45","//sgfm.elcorteingles.es/SGFM/dctm/MEDIA03/201606/02/00117730838228____1__210x210.jpg://sgfm.elcorteingles.es/SGFM/dctm/MEDIA03/201606/02/00117730838228____2__210x210.jpg://sgfm.elcorteingles.es/SGFM/dctm/MEDIA03/201606/02/00117730838228____3__210x210.jpg://sgfm.elcorteingles.es/SGFM/dctm/MEDIA03/201606/02/00117730838228____4__210x210.jpg://sgfm.elcorteingles.es/SGFM/dctm/MEDIA03/201606/02/00117730838228____5__210x210.jpg","//sgfm.elcorteingles.es/SGFM/dctm/MEDIA03/201606/02/00117730838228____1__640x640.jpg://sgfm.elcorteingles.es/SGFM/dctm/MEDIA03/201606/02/00117730838228____2__640x640.jpg://sgfm.elcorteingles.es/SGFM/dctm/MEDIA03/201606/02/00117730838228____3__640x640.jpg://sgfm.elcorteingles.es/SGFM/dctm/MEDIA03/201606/02/00117730838228____4__640x640.jpg://sgfm.elcorteingles.es/SGFM/dctm/MEDIA03/201606/02/00117730838228____5__640x640.jpg","//sgfm.elcorteingles.es/SGFM/dctm/MEDIA03/201606/02/00117730838228____1__1200x1200.jpg://sgfm.elcorteingles.es/SGFM/dctm/MEDIA03/201606/02/00117730838228____2__1200x1200.jpg://sgfm.elcorteingles.es/SGFM/dctm/MEDIA03/201606/02/00117730838228____3__1200x1200.jpg://sgfm.elcorteingles.es/SGFM/dctm/MEDIA03/201606/02/00117730838228____4__1200x1200.jpg://sgfm.elcorteingles.es/SGFM/dctm/MEDIA03/201606/02/00117730838228____5__1200x1200.jpg"
"001017730838236110","001017730838236","Zapatillas de running de hombre Gel Noosa Tri 11 Asics","Asics","119.95","119.95","Gris","hombre",,"Acelera la segunda transición de la prueba y corre los 42km finales. La nueva Gel-Noosa TRI 11 es perfecta para arañar esos valiosos segundos al crono en la segunda transición y correr la última parte de la prueba a toda velocidad.","Zapatillas","color:Gris#talla:45","//sgfm.elcorteingles.es/SGFM/dctm/MEDIA03/201606/02/00117730838236____1__210x210.jpg://sgfm.elcorteingles.es/SGFM/dctm/MEDIA03/201606/02/00117730838236____2__210x210.jpg://sgfm.elcorteingles.es/SGFM/dctm/MEDIA03/201606/02/00117730838236____3__210x210.jpg://sgfm.elcorteingles.es/SGFM/dctm/MEDIA03/201606/02/00117730838236____4__210x210.jpg://sgfm.elcorteingles.es/SGFM/dctm/MEDIA03/201606/02/00117730838236____5__210x210.jpg","//sgfm.elcorteingles.es/SGFM/dctm/MEDIA03/201606/02/00117730838236____1__640x640.jpg://sgfm.elcorteingles.es/SGFM/dctm/MEDIA03/201606/02/00117730838236____2__640x640.jpg://sgfm.elcorteingles.es/SGFM/dctm/MEDIA03/201606/02/00117730838236____3__640x640.jpg://sgfm.elcorteingles.es/SGFM/dctm/MEDIA03/201606/02/00117730838236____4__640x640.jpg://sgfm.elcorteingles.es/SGFM/dctm/MEDIA03/201606/02/00117730838236____5__640x640.jpg","//sgfm.elcorteingles.es/SGFM/dctm/MEDIA03/201606/02/00117730838236____1__1200x1200.jpg://sgfm.elcorteingles.es/SGFM/dctm/MEDIA03/201606/02/00117730838236____2__1200x1200.jpg://sgfm.elcorteingles.es/SGFM/dctm/MEDIA03/201606/02/00117730838236____3__1200x1200.jpg://sgfm.elcorteingles.es/SGFM/dctm/MEDIA03/201606/02/00117730838236____4__1200x1200.jpg://sgfm.elcorteingles.es/SGFM/dctm/MEDIA03/201606/02/00117730838236____5__1200x1200.jpg"
"001017730838228115","001017730838236","Zapatillas de running de hombre Gel Noosa Tri 11 Asics","Asics","119.95","119.95","Multicolor","hombre",,"Acelera la segunda transición de la prueba y corre los 42km finales. La nueva Gel-Noosa TRI 11 es perfecta para arañar esos valiosos segundos al crono en la segunda transición y correr la última parte de la prueba a toda velocidad.","Zapatillas","color:Multicolor#talla:46","//sgfm.elcorteingles.es/SGFM/dctm/MEDIA03/201606/02/00117730838228____1__210x210.jpg://sgfm.elcorteingles.es/SGFM/dctm/MEDIA03/201606/02/00117730838228____2__210x210.jpg://sgfm.elcorteingles.es/SGFM/dctm/MEDIA03/201606/02/00117730838228____3__210x210.jpg://sgfm.elcorteingles.es/SGFM/dctm/MEDIA03/201606/02/00117730838228____4__210x210.jpg://sgfm.elcorteingles.es/SGFM/dctm/MEDIA03/201606/02/00117730838228____5__210x210.jpg","//sgfm.elcorteingles.es/SGFM/dctm/MEDIA03/201606/02/00117730838228____1__640x640.jpg://sgfm.elcorteingles.es/SGFM/dctm/MEDIA03/201606/02/00117730838228____2__640x640.jpg://sgfm.elcorteingles.es/SGFM/dctm/MEDIA03/201606/02/00117730838228____3__640x640.jpg://sgfm.elcorteingles.es/SGFM/dctm/MEDIA03/201606/02/00117730838228____4__640x640.jpg://sgfm.elcorteingles.es/SGFM/dctm/MEDIA03/201606/02/00117730838228____5__640x640.jpg","//sgfm.elcorteingles.es/SGFM/dctm/MEDIA03/201606/02/00117730838228____1__1200x1200.jpg://sgfm.elcorteingles.es/SGFM/dctm/MEDIA03/201606/02/00117730838228____2__1200x1200.jpg://sgfm.elcorteingles.es/SGFM/dctm/MEDIA03/201606/02/00117730838228____3__1200x1200.jpg://sgfm.elcorteingles.es/SGFM/dctm/MEDIA03/201606/02/00117730838228____4__1200x1200.jpg://sgfm.elcorteingles.es/SGFM/dctm/MEDIA03/201606/02/00117730838228____5__1200x1200.jpg"
"001017730838236115","001017730838236","Zapatillas de running de hombre Gel Noosa Tri 11 Asics","Asics","119.95","119.95","Gris","hombre",,"Acelera la segunda transición de la prueba y corre los 42km finales. La nueva Gel-Noosa TRI 11 es perfecta para arañar esos valiosos segundos al crono en la segunda transición y correr la última parte de la prueba a toda velocidad.","Zapatillas","color:Gris#talla:46","//sgfm.elcorteingles.es/SGFM/dctm/MEDIA03/201606/02/00117730838236____1__210x210.jpg://sgfm.elcorteingles.es/SGFM/dctm/MEDIA03/201606/02/00117730838236____2__210x210.jpg://sgfm.elcorteingles.es/SGFM/dctm/MEDIA03/201606/02/00117730838236____3__210x210.jpg://sgfm.elcorteingles.es/SGFM/dctm/MEDIA03/201606/02/00117730838236____4__210x210.jpg://sgfm.elcorteingles.es/SGFM/dctm/MEDIA03/201606/02/00117730838236____5__210x210.jpg","//sgfm.elcorteingles.es/SGFM/dctm/MEDIA03/201606/02/00117730838236____1__640x640.jpg://sgfm.elcorteingles.es/SGFM/dctm/MEDIA03/201606/02/00117730838236____2__640x640.jpg://sgfm.elcorteingles.es/SGFM/dctm/MEDIA03/201606/02/00117730838236____3__640x640.jpg://sgfm.elcorteingles.es/SGFM/dctm/MEDIA03/201606/02/00117730838236____4__640x640.jpg://sgfm.elcorteingles.es/SGFM/dctm/MEDIA03/201606/02/00117730838236____5__640x640.jpg","//sgfm.elcorteingles.es/SGFM/dctm/MEDIA03/201606/02/00117730838236____1__1200x1200.jpg://sgfm.elcorteingles.es/SGFM/dctm/MEDIA03/201606/02/00117730838236____2__1200x1200.jpg://sgfm.elcorteingles.es/SGFM/dctm/MEDIA03/201606/02/00117730838236____3__1200x1200.jpg://sgfm.elcorteingles.es/SGFM/dctm/MEDIA03/201606/02/00117730838236____4__1200x1200.jpg://sgfm.elcorteingles.es/SGFM/dctm/MEDIA03/201606/02/00117730838236____5__1200x1200.jpg"
"001017730838228120","001017730838236","Zapatillas de running de hombre Gel Noosa Tri 11 Asics","Asics","119.95","119.95","Multicolor","hombre",,"Acelera la segunda transición de la prueba y corre los 42km finales. La nueva Gel-Noosa TRI 11 es perfecta para arañar esos valiosos segundos al crono en la segunda transición y correr la última parte de la prueba a toda velocidad.","Zapatillas","color:Multicolor#talla:46,5","//sgfm.elcorteingles.es/SGFM/dctm/MEDIA03/201606/02/00117730838228____1__210x210.jpg://sgfm.elcorteingles.es/SGFM/dctm/MEDIA03/201606/02/00117730838228____2__210x210.jpg://sgfm.elcorteingles.es/SGFM/dctm/MEDIA03/201606/02/00117730838228____3__210x210.jpg://sgfm.elcorteingles.es/SGFM/dctm/MEDIA03/201606/02/00117730838228____4__210x210.jpg://sgfm.elcorteingles.es/SGFM/dctm/MEDIA03/201606/02/00117730838228____5__210x210.jpg","//sgfm.elcorteingles.es/SGFM/dctm/MEDIA03/201606/02/00117730838228____1__640x640.jpg://sgfm.elcorteingles.es/SGFM/dctm/MEDIA03/201606/02/00117730838228____2__640x640.jpg://sgfm.elcorteingles.es/SGFM/dctm/MEDIA03/201606/02/00117730838228____3__640x640.jpg://sgfm.elcorteingles.es/SGFM/dctm/MEDIA03/201606/02/00117730838228____4__640x640.jpg://sgfm.elcorteingles.es/SGFM/dctm/MEDIA03/201606/02/00117730838228____5__640x640.jpg","//sgfm.elcorteingles.es/SGFM/dctm/MEDIA03/201606/02/00117730838228____1__1200x1200.jpg://sgfm.elcorteingles.es/SGFM/dctm/MEDIA03/201606/02/00117730838228____2__1200x1200.jpg://sgfm.elcorteingles.es/SGFM/dctm/MEDIA03/201606/02/00117730838228____3__1200x1200.jpg://sgfm.elcorteingles.es/SGFM/dctm/MEDIA03/201606/02/00117730838228____4__1200x1200.jpg://sgfm.elcorteingles.es/SGFM/dctm/MEDIA03/201606/02/00117730838228____5__1200x1200.jpg"
"001017730838236120","001017730838236","Zapatillas de running de hombre Gel Noosa Tri 11 Asics","Asics","119.95","119.95","Gris","hombre",,"Acelera la segunda transición de la prueba y corre los 42km finales. La nueva Gel-Noosa TRI 11 es perfecta para arañar esos valiosos segundos al crono en la segunda transición y correr la última parte de la prueba a toda velocidad.","Zapatillas","color:Gris#talla:46,5","//sgfm.elcorteingles.es/SGFM/dctm/MEDIA03/201606/02/00117730838236____1__210x210.jpg://sgfm.elcorteingles.es/SGFM/dctm/MEDIA03/201606/02/00117730838236____2__210x210.jpg://sgfm.elcorteingles.es/SGFM/dctm/MEDIA03/201606/02/00117730838236____3__210x210.jpg://sgfm.elcorteingles.es/SGFM/dctm/MEDIA03/201606/02/00117730838236____4__210x210.jpg://sgfm.elcorteingles.es/SGFM/dctm/MEDIA03/201606/02/00117730838236____5__210x210.jpg","//sgfm.elcorteingles.es/SGFM/dctm/MEDIA03/201606/02/00117730838236____1__640x640.jpg://sgfm.elcorteingles.es/SGFM/dctm/MEDIA03/201606/02/00117730838236____2__640x640.jpg://sgfm.elcorteingles.es/SGFM/dctm/MEDIA03/201606/02/00117730838236____3__640x640.jpg://sgfm.elcorteingles.es/SGFM/dctm/MEDIA03/201606/02/00117730838236____4__640x640.jpg://sgfm.elcorteingles.es/SGFM/dctm/MEDIA03/201606/02/00117730838236____5__640x640.jpg","//sgfm.elcorteingles.es/SGFM/dctm/MEDIA03/201606/02/00117730838236____1__1200x1200.jpg://sgfm.elcorteingles.es/SGFM/dctm/MEDIA03/201606/02/00117730838236____2__1200x1200.jpg://sgfm.elcorteingles.es/SGFM/dctm/MEDIA03/201606/02/00117730838236____3__1200x1200.jpg://sgfm.elcorteingles.es/SGFM/dctm/MEDIA03/201606/02/00117730838236____4__1200x1200.jpg://sgfm.elcorteingles.es/SGFM/dctm/MEDIA03/201606/02/00117730838236____5__1200x1200.jpg"
"001017730838236130","001017730838236","Zapatillas de running de hombre Gel Noosa Tri 11 Asics","Asics","119.95","119.95","Gris","hombre",,"Acelera la segunda transición de la prueba y corre los 42km finales. La nueva Gel-Noosa TRI 11 es perfecta para arañar esos valiosos segundos al crono en la segunda transición y correr la última parte de la prueba a toda velocidad.","Zapatillas","color:Gris#talla:48","//sgfm.elcorteingles.es/SGFM/dctm/MEDIA03/201606/02/00117730838236____1__210x210.jpg://sgfm.elcorteingles.es/SGFM/dctm/MEDIA03/201606/02/00117730838236____2__210x210.jpg://sgfm.elcorteingles.es/SGFM/dctm/MEDIA03/201606/02/00117730838236____3__210x210.jpg://sgfm.elcorteingles.es/SGFM/dctm/MEDIA03/201606/02/00117730838236____4__210x210.jpg://sgfm.elcorteingles.es/SGFM/dctm/MEDIA03/201606/02/00117730838236____5__210x210.jpg","//sgfm.elcorteingles.es/SGFM/dctm/MEDIA03/201606/02/00117730838236____1__640x640.jpg://sgfm.elcorteingles.es/SGFM/dctm/MEDIA03/201606/02/00117730838236____2__640x640.jpg://sgfm.elcorteingles.es/SGFM/dctm/MEDIA03/201606/02/00117730838236____3__640x640.jpg://sgfm.elcorteingles.es/SGFM/dctm/MEDIA03/201606/02/00117730838236____4__640x640.jpg://sgfm.elcorteingles.es/SGFM/dctm/MEDIA03/201606/02/00117730838236____5__640x640.jpg","//sgfm.elcorteingles.es/SGFM/dctm/MEDIA03/201606/02/00117730838236____1__1200x1200.jpg://sgfm.elcorteingles.es/SGFM/dctm/MEDIA03/201606/02/00117730838236____2__1200x1200.jpg://sgfm.elcorteingles.es/SGFM/dctm/MEDIA03/201606/02/00117730838236____3__1200x1200.jpg://sgfm.elcorteingles.es/SGFM/dctm/MEDIA03/201606/02/00117730838236____4__1200x1200.jpg://sgfm.elcorteingles.es/SGFM/dctm/MEDIA03/201606/02/00117730838236____5__1200x1200.jpg"
